"746","170","268"
"414","365","415"
"680","193","341"
"1598","16","439"
"1236","180","493"
"1588","381","55"
"1077","414","62"
"618","213","479"
"1464","173","158"
"1649","210","119"
"1110","253","217"
"1527","383","458"
"1964","33","356"
"784","166","311"
"1527","356","14"
"1989","326","189"
"1388","157","429"
"618","121","323"
"1791","291","23"
"880","397","352"
"761","281","89"
"252","0","311"
"1836","338","31"
"1878","72","256"
"312","4","292"
"1489","25","100"
"1345","305","468"
"1836","383","68"
"392","99","440"
"947","248","343"
"370","451","168"
"750","94","11"
"1723","234","37"
"877","103","197"
"1782","406","280"
"1588","252","194"
"923","466","192"
"1115","125","85"
"1782","318","325"
"143","57","164"
"1464","497","145"
"1077","240","342"
"143","316","139"
"1200","135","249"
"1634","197","91"
"1464","355","63"
"1724","109","110"
"1723","357","144"
"189","198","105"
"1302","435","481"
"1499","152","222"
"1411","67","408"
"1248","432","310"
"1874","289","361"
"1172","280","11"
"1527","200","361"
"283","280","66"
"1475","24","361"
"162","224","204"
"1373","33","204"
"578","21","120"
"877","157","164"
"645","18","189"
"987","467","343"
"1318","395","311"
"1388","185","469"
"1004","481","465"
"1634","281","378"
"838","406","32"
"1989","275","43"
"162","57","214"
"1724","493","378"
"1248","39","133"
"1004","417","114"
"919","231","96"
"1489","268","242"
"141","62","117"
"1782","184","324"
"1016","273","457"
"286","335","468"
"1989","485","34"
"923","251","206"
"1527","390","23"
"1388","129","448"
"761","487","331"
"1115","309","436"
"1884","361","436"
"587","344","240"
"892","492","20"
"1974","225","71"
"1002","292","247"
"1411","451","158"
"1634","201","74"
"1649","167","210"
"1464","321","453"
"1411","466","205"
"1884","254","395"
"283","333","333"
"1883","248","268"
"1981","116","446"
"1964","458","500"
"1723","68","465"
"162","351","69"
"604","168","399"
"143","165","167"
"286","49","396"
"328","114","293"
"690","30","452"
"1082","40","138"
"1261","465","143"
"690","319","405"
"283","158","296"
"1261","136","434"
"1261","252","372"
"1878","349","408"
"52","484","299"
"1388","168","162"
"1411","201","255"
"440","327","273"
"1236","120","18"
"1172","78","434"
"1032","369","384"
"1981","436","157"
"892","138","457"
"815","287","189"
"947","463","388"
"1020","231","183"
"645","176","43"
"761","90","255"
"1302","40","359"
"1505","494","97"
"746","223","114"
"1082","472","100"
"1974","351","500"
"1649","173","339"
"1613","368","271"
"440","314","288"
"52","270","315"
"761","53","436"
"1649","150","217"
"440","267","243"
"358","53","434"
"761","201","67"
"1874","484","270"
"1236","4","120"
"1083","411","484"
"1373","252","186"
"1248","404","307"
"1883","268","278"
"1496","454","149"
"286","91","463"
"1883","128","346"
"1373","247","123"
"143","151","384"
"645","258","236"
"318","209","439"
"414","213","127"
"1438","101","196"
"1588","159","181"
"1083","479","136"
"1475","127","294"
"440","342","500"
"578","309","322"
"746","279","181"
"1598","154","352"
"821","163","253"
"252","18","369"
"491","53","474"
"877","66","86"
"414","2","182"
"414","178","12"
"880","340","174"
"286","196","367"
"919","329","372"
"312","43","252"
"1464","93","388"
"1172","334","297"
"1874","16","382"
"1588","494","118"
"370","250","293"
"1020","372","55"
"646","209","489"
"1496","374","30"
"1527","145","357"
"162","457","390"
"1724","416","231"
"838","417","152"
"392","143","31"
"414","269","435"
"1607","197","196"
"680","232","495"
"414","217","64"
"1607","298","433"
"645","348","184"
"646","310","91"
"761","395","146"
"440","460","36"
"162","171","251"
"1489","225","240"
"690","76","385"
"1345","80","491"
"1077","152","92"
"328","50","151"
"919","289","365"
"1411","469","41"
"143","499","34"
"1388","117","389"
"328","62","241"
"1782","29","254"
"731","476","177"
"556","376","155"
"1261","47","482"
"578","458","245"
"162","212","101"
"646","376","320"
"1527","219","382"
"1634","329","345"
"1016","347","378"
"1077","313","281"
"1248","203","42"
"392","444","337"
"1836","94","234"
"690","408","435"
"1791","375","152"
"1883","335","72"
"1723","44","98"
"1649","137","280"
"947","191","189"
"877","46","405"
"1083","113","351"
"1981","357","393"
"1496","423","445"
"1588","299","55"
"854","498","291"
"885","329","409"
"1115","250","249"
"162","116","387"
"1723","365","444"
"162","150","450"
"1874","316","20"
"286","283","426"
"1475","168","117"
"746","211","326"
"750","6","493"
"1547","497","467"
"143","228","459"
"143","173","357"
"1874","396","79"
"1613","397","203"
"1791","424","195"
"1634","385","102"
"1974","131","311"
"414","324","464"
"556","272","489"
"143","232","457"
"1547","97","38"
"750","355","194"
"358","73","284"
"211","283","454"
"1475","392","62"
"1547","485","14"
"286","278","184"
"189","333","131"
"947","51","73"
"1077","495","241"
"1989","476","14"
"815","94","226"
"750","228","126"
"750","225","429"
"252","478","149"
"690","342","428"
"1302","176","75"
"587","95","191"
"377","447","21"
"1499","46","340"
"947","24","295"
"1964","408","30"
"1110","330","373"
"838","239","392"
"690","43","316"
"1974","367","364"
"892","91","362"
"885","291","233"
"838","255","109"
"1261","232","293"
"358","48","489"
"377","1","500"
"1607","321","433"
"645","197","240"
"1489","229","466"
"1883","418","83"
"1791","399","22"
"1598","137","318"
"1388","25","472"
"1974","246","407"
"1649","349","289"
"211","24","108"
"1607","479","420"
"923","268","484"
"1883","166","86"
"1981","238","10"
"440","445","309"
"885","104","474"
"1318","257","132"
"892","267","48"
"838","305","280"
"1110","63","478"
"358","477","250"
"312","314","71"
"1964","154","261"
"1613","171","373"
"1083","433","156"
"440","27","56"
"1496","404","348"
"1489","262","39"
"587","243","101"
"604","243","151"
"1318","400","457"
"587","24","482"
"556","227","261"
"1077","448","10"
"491","363","499"
"440","168","122"
"1115","13","410"
"1836","196","485"
"1200","48","70"
"1547","150","267"
"761","293","281"
"1874","21","153"
"286","328","480"
"892","491","234"
"1388","155","368"
"690","90","255"
"1791","346","297"
"880","229","152"
"815","416","462"
"1261","384","496"
"1505","201","214"
"784","417","300"
"1172","308","422"
"838","232","450"
"377","493","161"
"1598","197","73"
"821","186","284"
"1032","236","32"
"252","121","119"
"1496","418","26"
"1527","144","46"
"1172","403","499"
"252","399","170"
"1388","125","173"
"1020","30","365"
"1613","352","133"
"1874","84","473"
"1791","209","420"
"1002","35","158"
"162","18","330"
"1598","399","497"
"1464","427","474"
"1318","308","236"
"1724","230","492"
"1649","184","23"
"1464","256","25"
"1884","426","178"
"52","466","188"
"885","496","471"
"877","51","41"
"784","381","61"
"162","473","335"
"877","394","344"
"1964","170","50"
"680","221","145"
"646","463","451"
"500","377","285"
"433","131","431"
"746","13","155"
"358","278","283"
"987","409","189"
"1318","424","462"
"392","380","279"
"1110","90","180"
"1691","463","445"
"1388","33","317"
"1836","173","11"
"1883","436","47"
"746","323","306"
"143","234","251"
"1032","285","308"
"252","420","265"
"1883","344","126"
"283","199","283"
"1883","103","314"
"1373","309","423"
"1016","464","266"
"987","303","470"
"1974","495","328"
"1002","389","133"
"1373","448","303"
"1248","461","301"
"877","255","209"
"1318","494","312"
"1345","65","320"
"1302","461","14"
"143","225","496"
"750","248","287"
"1236","381","350"
"690","74","247"
"1791","462","29"
"645","150","130"
"645","42","387"
"189","314","491"
"1411","93","330"
"784","438","270"
"821","419","379"
"1649","7","252"
"1115","103","264"
"414","313","229"
"1248","68","342"
"1634","94","400"
"1613","116","35"
"1373","209","480"
"414","95","147"
"1373","187","396"
"1373","336","142"
"377","246","290"
"761","317","199"
"1499","469","15"
"141","269","369"
"604","289","352"
"1464","120","432"
"328","104","411"
"1110","276","300"
"645","189","340"
"1020","315","188"
"838","286","475"
"1345","22","107"
"1723","405","368"
"1974","192","318"
"746","312","83"
"1083","381","200"
"1077","367","448"
"1236","309","419"
"1248","290","424"
"838","118","31"
"1782","250","490"
"987","293","420"
"1782","157","153"
"1547","352","422"
"392","350","272"
"1002","232","79"
"414","486","364"
"1083","428","112"
"1318","433","310"
"433","112","478"
"892","289","443"
"370","308","132"
"1989","382","271"
"1236","495","106"
"1411","272","41"
"1883","247","59"
"839","338","250"
"211","34","122"
"283","433","474"
"587","205","378"
"877","349","87"
"1836","135","288"
"880","231","17"
"1724","450","461"
"923","76","462"
"877","280","309"
"923","43","206"
"815","427","385"
"587","264","332"
"839","60","239"
"1110","59","282"
"377","133","305"
"604","23","189"
"815","55","230"
"377","321","55"
"1261","7","34"
"252","1","267"
"1236","428","405"
"1438","138","65"
"1388","478","240"
"1505","125","447"
"1318","434","397"
"52","22","174"
"880","262","298"
"1883","160","500"
"1345","127","472"
"1634","398","120"
"919","261","442"
"1607","223","101"
"587","484","435"
"491","351","349"
"1077","426","279"
"877","299","313"
"414","287","39"
"433","121","157"
"1302","483","433"
"892","362","403"
"1883","171","202"
"1002","356","409"
"1077","3","214"
"1791","57","278"
"634","135","174"
"1974","32","258"
"1527","74","108"
"1723","239","268"
"440","462","294"
"1002","369","252"
"1884","301","338"
"838","229","273"
"947","106","99"
"286","161","40"
"1248","342","237"
"880","300","35"
"1236","413","408"
"838","65","28"
"1496","356","293"
"1016","6","435"
"919","148","241"
"370","4","260"
"1649","344","118"
"286","158","30"
"1200","213","245"
"923","449","361"
"923","370","499"
"1135","19","335"
"414","292","28"
"1020","485","120"
"1002","368","140"
"750","52","364"
"1791","268","235"
"433","29","443"
"1634","215","315"
"645","272","58"
"1248","80","90"
"1020","87","124"
"1496","287","265"
"1475","10","143"
"433","170","50"
"189","375","232"
"1634","173","19"
"1724","428","94"
"1318","279","86"
"1002","434","222"
"761","338","250"
"328","272","334"
"52","252","105"
"1016","326","485"
"1077","132","282"
"377","188","380"
"1691","322","376"
"923","109","297"
"1236","300","16"
"1723","168","36"
"1236","235","64"
"1964","398","236"
"1691","305","67"
"143","110","298"
"1411","29","86"
"1782","363","328"
"1974","424","330"
"1248","321","438"
"1002","183","82"
"1649","483","215"
"392","452","408"
"1496","359","411"
"1032","143","155"
"1135","495","27"
"1883","468","394"
"1878","480","127"
"892","439","101"
"328","121","325"
"1388","104","304"
"1964","224","261"
"919","193","342"
"854","296","243"
"1884","260","345"
"821","473","237"
"1082","409","59"
"892","75","198"
"1475","267","408"
"604","217","188"
"1261","18","435"
"1723","419","166"
"500","225","261"
"1110","235","174"
"1302","253","203"
"1388","85","126"
"318","167","357"
"1172","379","495"
"377","393","219"
"1475","176","429"
"1388","252","411"
"370","476","264"
"1016","306","199"
"1002","197","484"
"1634","245","285"
"1083","294","392"
"491","52","410"
"1883","152","232"
"646","239","224"
"646","392","214"
"1020","402","167"
"318","165","211"
"283","329","13"
"1588","289","40"
"854","41","106"
"312","433","145"
"578","363","295"
"1878","155","422"
"162","280","34"
"1016","432","487"
"854","338","216"
"750","409","423"
"746","98","258"
"312","184","438"
"189","158","429"
"1016","371","87"
"1588","398","158"
"646","22","336"
"556","438","337"
"141","127","287"
"283","116","150"
"1836","58","119"
"370","114","383"
"1261","352","13"
"1883","208","409"
"286","246","347"
"947","16","322"
"784","270","104"
"328","198","152"
"815","100","307"
"634","178","68"
"1110","473","323"
"1020","223","121"
"328","484","146"
"143","356","397"
"618","120","64"
"328","176","103"
"838","322","128"
"1588","130","169"
"358","144","321"
"1489","27","101"
"1236","472","194"
"839","235","483"
"680","197","142"
"690","382","440"
"1505","365","97"
"211","202","374"
"1110","57","200"
"1634","146","200"
"1649","455","109"
"312","7","447"
"286","1","314"
"211","485","102"
"1464","1","225"
"646","400","145"
"211","288","449"
"587","63","135"
"877","320","252"
"731","198","142"
"312","318","322"
"1082","446","268"
"838","236","113"
"1082","247","97"
"821","414","431"
"252","75","228"
"892","376","186"
"392","69","123"
"1588","293","372"
"211","498","128"
"500","163","299"
"784","453","260"
"1588","132","467"
"1248","489","377"
"1261","255","193"
"1883","265","79"
"1077","109","292"
"604","139","357"
"211","102","287"
"328","57","51"
"1172","80","211"
"923","162","431"
"854","199","150"
"52","12","118"
"1782","208","448"
"500","51","147"
"414","54","491"
"1724","127","408"
"328","161","486"
"1607","244","361"
"877","125","46"
"1020","122","63"
"370","178","355"
"1588","15","413"
"1613","266","81"
"1974","17","448"
"1836","157","279"
"987","108","162"
"604","191","74"
"919","50","207"
"1791","427","367"
"1588","26","136"
"1438","438","338"
"1496","276","24"
"1724","419","248"
"1649","227","131"
"1345","176","233"
"1634","143","243"
"587","268","163"
"690","105","81"
"433","414","134"
"1464","130","211"
"414","356","163"
"556","209","303"
"1318","158","354"
"1016","448","373"
"318","382","256"
"433","306","138"
"1791","469","335"
"1883","136","164"
"162","470","204"
"1464","206","286"
"1884","106","257"
"1345","211","68"
"1607","178","278"
"1110","113","166"
"784","129","241"
"162","380","242"
"141","428","418"
"1388","183","47"
"839","5","348"
"947","53","355"
"1588","94","262"
"189","153","73"
"1964","466","264"
"1874","98","105"
"1723","199","110"
"358","161","335"
"987","414","255"
"1200","3","478"
"1489","103","38"
"1499","387","39"
"880","105","168"
"1874","277","127"
"370","251","403"
"634","496","410"
"838","464","495"
"328","439","203"
"1964","215","292"
"1438","213","382"
"328","428","115"
"1613","137","240"
"433","209","255"
"1981","255","354"
"1172","102","32"
"1002","266","307"
"433","179","465"
"143","453","186"
"1782","36","335"
"690","153","280"
"680","244","21"
"318","424","500"
"1172","120","286"
"634","46","209"
"892","286","263"
"1110","193","193"
"1302","135","367"
"1345","444","287"
"252","254","56"
"731","356","305"
"1607","491","133"
"885","126","375"
"821","30","409"
"838","37","153"
"440","266","349"
"370","10","158"
"1464","245","271"
"211","152","101"
"370","62","341"
"1373","264","120"
"680","154","363"
"370","148","211"
"328","116","344"
"646","387","59"
"1527","394","311"
"885","366","227"
"645","387","35"
"634","309","363"
"880","471","19"
"1836","467","57"
"1082","440","256"
"1388","235","186"
"618","100","376"
"143","277","376"
"440","348","393"
"838","84","473"
"1002","125","126"
"1464","163","149"
"885","316","407"
"1791","463","168"
"1598","473","19"
"1302","234","115"
"162","371","154"
"252","292","410"
"1884","403","237"
"189","99","270"
"919","352","65"
"1200","325","470"
"392","355","171"
"1135","377","28"
"821","67","244"
"690","437","413"
"1723","350","143"
"141","315","76"
"839","359","454"
"838","248","92"
"189","386","156"
"839","202","282"
"1981","414","106"
"328","107","150"
"1020","271","165"
"587","193","500"
"947","452","468"
"947","421","350"
"370","124","223"
"1020","341","388"
"1974","335","45"
"947","405","279"
"839","342","295"
"1388","148","100"
"1302","263","226"
"1782","450","65"
"500","52","194"
"784","462","284"
"1874","46","452"
"1989","67","340"
"377","164","446"
"318","477","136"
"1791","341","453"
"839","445","144"
"1598","181","301"
"491","245","336"
"141","49","227"
"761","398","98"
"1883","29","297"
"1002","15","192"
"690","266","272"
"618","15","158"
"1649","333","396"
"141","128","100"
"1016","320","160"
"328","498","62"
"1598","129","282"
"839","431","380"
"189","219","406"
"162","440","479"
"680","71","322"
"761","351","358"
"634","223","351"
"885","474","67"
"690","190","421"
"328","366","427"
"1974","420","263"
"1874","465","58"
"377","254","494"
"646","281","487"
"414","129","490"
"1016","76","327"
"1373","311","17"
"1172","218","279"
"880","383","386"
"1464","109","442"
"491","240","175"
"1964","277","16"
"1261","203","148"
"690","289","94"
"880","207","284"
"1135","144","303"
"1883","174","472"
"1974","320","217"
"1691","415","480"
"211","347","460"
"1883","143","314"
"821","489","432"
"1598","34","188"
"761","32","166"
"143","107","392"
"1373","467","374"
"1883","320","334"
"1489","480","271"
"377","363","381"
"141","403","192"
"1032","195","103"
"392","100","41"
"987","159","441"
"839","12","38"
"1588","474","74"
"892","236","293"
"578","191","66"
"1002","345","478"
"1607","431","110"
"821","374","357"
"433","17","243"
"1964","74","42"
"1172","15","77"
"919","176","13"
"1874","101","462"
"1691","364","358"
"880","132","197"
"1020","373","491"
"1691","284","257"
"1002","462","241"
"162","28","215"
"1172","303","433"
"1200","322","405"
"1345","488","446"
"52","296","366"
"52","165","187"
"1588","497","244"
"1981","277","70"
"1634","377","308"
"877","362","409"
"370","25","211"
"1836","116","68"
"491","154","375"
"1411","48","69"
"1082","204","270"
"1438","108","103"
"815","198","179"
"587","134","132"
"750","269","62"
"1884","276","20"
"370","158","83"
"1724","368","249"
"1989","255","330"
"1691","180","382"
"1724","276","428"
"1499","349","356"
"877","55","309"
"143","302","28"
"328","476","185"
"1261","418","162"
"1989","291","140"
"892","481","141"
"1002","482","343"
"1964","447","241"
"1004","444","488"
"1438","426","33"
"392","234","254"
"1302","145","14"
"880","291","234"
"1345","284","247"
"1878","124","493"
"377","235","36"
"947","4","249"
"1496","433","487"
"1649","19","452"
"892","167","430"
"1883","124","209"
"1082","333","216"
"646","364","254"
"1496","91","45"
"815","325","206"
"1878","5","216"
"838","39","496"
"987","276","220"
"1248","359","329"
"761","193","55"
"645","187","435"
"1883","172","83"
"1874","414","285"
"815","240","257"
"1878","23","225"
"1236","277","361"
"885","373","179"
"283","185","239"
"1248","316","491"
"312","34","359"
"283","2","128"
"1964","150","331"
"1884","395","352"
"1496","5","114"
"189","462","367"
"1874","453","375"
"1345","71","82"
"1016","183","454"
"1723","326","134"
"252","201","457"
"618","87","185"
"1505","393","261"
"815","126","266"
"1236","293","213"
"746","347","201"
"1020","420","217"
"1989","16","321"
"1791","410","102"
"1110","200","492"
"646","38","129"
"892","450","380"
"877","215","447"
"1261","409","65"
"1981","252","180"
"821","264","469"
"556","425","393"
"283","292","175"
"1411","23","306"
"1002","339","353"
"1613","357","258"
"1475","418","398"
"839","365","471"
"1634","443","311"
"1373","41","326"
"1236","273","171"
"1634","81","397"
"1547","447","460"
"1475","308","273"
"1016","497","373"
"838","360","240"
"1598","300","467"
"1964","219","112"
"1082","353","452"
"52","174","125"
"1373","121","405"
"880","212","87"
"433","406","77"
"1874","429","498"
"923","302","387"
"358","213","134"
"1172","166","194"
"1002","328","49"
"587","401","157"
"731","117","210"
"587","182","202"
"618","461","459"
"880","129","408"
"392","386","60"
"645","372","223"
"328","438","436"
"312","384","447"
"690","367","46"
"1302","58","43"
"1496","268","495"
"1499","266","116"
"52","231","407"
"1974","418","28"
"1598","13","350"
"885","188","461"
"1496","31","169"
"1547","130","390"
"1261","89","235"
"1505","236","272"
"1613","180","480"
"318","248","328"
"328","422","427"
"1496","122","394"
"1002","134","287"
"556","71","11"
"1115","340","350"
"1020","307","224"
"838","348","348"
"1598","458","182"
"1438","13","45"
"1200","97","494"
"1302","152","69"
"646","138","208"
"1135","149","479"
"1527","79","156"
"1691","47","406"
"377","406","301"
"1547","333","189"
"1981","332","191"
"746","404","366"
"1634","337","337"
"1464","310","475"
"645","110","139"
"52","173","188"
"1200","241","52"
"1588","192","211"
"1883","426","164"
"1475","484","353"
"885","364","68"
"1964","457","416"
"1884","221","161"
"1388","161","294"
"1649","149","163"
"1496","420","368"
"923","473","70"
"1981","391","187"
"1115","396","427"
"1020","43","272"
"1464","373","266"
"892","412","63"
"618","238","335"
"252","238","296"
"1649","8","100"
"1082","363","118"
"1981","114","114"
"1598","279","235"
"1607","205","92"
"1974","122","495"
"1496","377","356"
"283","200","215"
"987","31","302"
"377","247","200"
"923","377","229"
"877","444","21"
"1505","174","94"
"1302","498","417"
"646","383","19"
"358","95","182"
"892","160","311"
"919","475","444"
"211","198","84"
"618","26","19"
"433","328","206"
"1032","336","492"
"690","446","361"
"1135","88","361"
"1489","166","138"
"919","85","355"
"1724","56","191"
"1607","250","315"
"433","336","49"
"370","408","157"
"1345","36","31"
"392","165","205"
"680","389","382"
"1634","386","153"
"1345","198","324"
"556","191","10"
"491","318","70"
"839","465","201"
"1475","57","198"
"1016","207","283"
"1836","7","188"
"1318","191","140"
"1464","308","254"
"1135","443","103"
"52","141","374"
"885","276","280"
"680","56","433"
"880","372","396"
"1135","151","98"
"1032","424","231"
"680","296","396"
"143","303","499"
"1318","215","71"
"1499","104","45"
"1318","120","331"
"987","202","461"
"500","12","19"
"1475","365","206"
"252","257","444"
"1598","196","194"
"252","289","306"
"500","403","228"
"1489","377","96"
"1724","303","342"
"1974","199","477"
"1083","340","277"
"1607","416","67"
"162","303","484"
"880","237","278"
"1032","190","77"
"1318","389","98"
"587","359","466"
"750","471","493"
"556","291","248"
"286","240","58"
"634","30","200"
"815","127","300"
"1318","380","52"
"1723","386","471"
"839","364","182"
"634","162","313"
"1411","435","179"
"604","270","240"
"1981","477","153"
"1172","274","315"
"784","139","95"
"1345","392","276"
"877","321","389"
"1989","302","383"
"761","452","350"
"500","389","479"
"1634","176","254"
"750","182","275"
"634","82","402"
"1082","37","367"
"761","354","287"
"1878","450","493"
"370","394","420"
"1489","2","418"
"1884","184","195"
"1989","61","69"
"211","110","335"
"634","347","21"
"1499","8","125"
"1724","497","196"
"1016","118","62"
"880","187","470"
"1135","239","10"
"440","43","442"
"821","230","358"
"1236","412","17"
"312","418","375"
"1438","235","107"
"839","209","227"
"645","44","212"
"433","57","233"
"646","130","65"
"1588","310","357"
"286","6","190"
"1388","373","247"
"1588","222","298"
"370","233","301"
"1373","0","144"
"1261","248","231"
"1634","422","31"
"312","231","409"
"1020","249","130"
"1115","211","480"
"1082","156","290"
"1649","271","406"
"1032","193","354"
"1884","291","373"
"690","186","34"
"312","181","108"
"784","4","131"
"1200","397","283"
"162","209","395"
"1032","497","380"
"1883","380","87"
"1547","13","388"
"578","188","99"
"1974","161","111"
"1878","31","121"
"377","59","483"
"604","396","97"
"1248","280","472"
"1489","481","480"
"433","31","42"
"646","174","159"
"923","135","309"
"556","45","331"
"1974","247","245"
"892","391","194"
"500","477","442"
"252","166","462"
"1464","404","318"
"604","249","305"
"143","233","395"
"1836","133","496"
"987","484","212"
"854","310","249"
"189","350","437"
"1318","212","111"
"1248","474","110"
"312","477","70"
"1248","289","264"
"328","301","443"
"1547","366","187"
"1649","146","479"
"604","317","335"
"211","76","342"
"1135","74","452"
"1020","189","440"
"414","419","299"
"1878","119","405"
"1261","214","200"
"143","468","104"
"1613","6","426"
"645","185","100"
"283","3","324"
"1598","139","360"
"500","246","202"
"1634","430","347"
"1248","1","104"
"1505","28","78"
"1836","51","158"
"1318","315","136"
"880","157","122"
"578","39","394"
"141","469","266"
"252","40","304"
"1634","270","394"
"1475","457","172"
"1200","482","436"
"1004","50","49"
"1724","194","368"
"52","321","41"
"392","301","423"
"854","427","330"
"414","430","268"
"784","22","354"
"1499","180","298"
"1505","277","496"
"1083","141","225"
"1077","191","211"
"1791","162","305"
"1496","305","91"
"1527","76","146"
"587","141","69"
"987","139","210"
"312","259","83"
"1547","41","309"
"556","141","15"
"1135","473","68"
"377","413","75"
"1981","10","434"
"1261","436","306"
"1607","162","230"
"1200","461","303"
"1004","284","405"
"1318","192","98"
"885","355","23"
"1077","89","173"
"433","166","373"
"1083","437","341"
"1505","157","41"
"1974","307","468"
"1236","275","365"
"1649","302","168"
"838","11","248"
"1004","278","334"
"252","30","285"
"1527","94","260"
"919","446","208"
"1981","326","372"
"1588","48","192"
"784","2","43"
"1438","140","25"
"750","477","206"
"680","183","278"
"1883","294","311"
"211","248","150"
"987","70","101"
"1588","12","423"
"312","62","355"
"1836","106","418"
"1345","477","421"
"1236","332","498"
"923","476","437"
"1261","35","50"
"1020","417","226"
"1388","483","96"
"312","29","465"
"370","229","395"
"1489","144","286"
"1082","68","286"
"1020","349","323"
"1724","490","38"
"1527","452","420"
"784","51","55"
"1388","88","447"
"1634","114","274"
"312","480","187"
"1836","427","236"
"731","378","433"
"433","364","336"
"1607","128","58"
"1077","305","129"
"1032","303","324"
"854","6","332"
"1989","276","128"
"880","27","215"
"1261","359","276"
"1248","309","236"
"839","315","339"
"1884","438","476"
"1489","256","465"
"1613","391","284"
"885","239","460"
"1489","106","381"
"690","298","76"
"1613","18","79"
"1082","89","33"
"1499","134","56"
"286","180","263"
"377","323","11"
"1598","228","424"
"328","216","310"
"1110","300","18"
"892","351","140"
"162","458","152"
"414","387","328"
"1318","381","491"
"370","300","246"
"1499","437","444"
"328","24","272"
"761","340","251"
"1464","113","329"
"1373","110","131"
"1607","419","421"
"1791","234","91"
"815","401","124"
"370","282","479"
"680","89","278"
"1318","341","104"
"1083","487","368"
"885","306","278"
"854","266","177"
"358","77","131"
"1318","25","108"
"1032","465","191"
"1782","114","268"
"587","212","273"
"1989","350","324"
"1002","144","49"
"1083","12","148"
"1981","23","73"
"1634","383","358"
"618","247","223"
"1613","457","282"
"1547","438","354"
"370","416","457"
"578","141","436"
"1878","274","167"
"1077","190","210"
"1438","197","481"
"587","356","482"
"854","315","64"
"491","268","469"
"750","45","398"
"690","56","495"
"1016","169","312"
"854","102","34"
"392","141","83"
"746","14","341"
"1547","410","159"
"1588","489","46"
"1110","270","468"
"877","284","406"
"947","163","399"
"1135","468","126"
"1499","230","225"
"1083","349","96"
"1489","30","80"
"1836","293","478"
"1002","330","253"
"854","411","220"
"211","461","96"
"1236","60","380"
"750","391","297"
"377","259","256"
"838","174","249"
"947","322","397"
"854","43","278"
"1345","95","474"
"414","320","328"
"839","72","52"
"1634","239","134"
"1782","449","486"
"318","231","487"
"634","381","175"
"1547","368","198"
"1002","227","405"
"1989","97","201"
"1791","366","26"
"1248","405","412"
"1110","84","192"
"987","267","58"
"143","150","246"
"1135","26","422"
"440","159","242"
"1691","337","115"
"318","43","21"
"784","222","304"
"604","450","470"
"211","13","469"
"392","391","325"
"877","325","318"
"1032","487","212"
"1613","395","32"
"1499","9","121"
"440","86","56"
"680","458","446"
"885","128","359"
"821","258","431"
"761","350","27"
"1782","431","342"
"1499","138","383"
"1004","419","356"
"947","208","32"
"821","143","499"
"1373","333","21"
"1248","341","194"
"854","230","322"
"838","486","286"
"377","467","330"
"1723","262","356"
"1172","60","37"
"1135","36","103"
"1505","467","157"
"1016","133","148"
"1438","304","168"
"761","144","200"
"491","221","323"
"1878","171","354"
"1411","199","95"
"312","485","469"
"838","398","274"
"1302","204","200"
"1613","115","318"
"821","45","23"
"1475","496","216"
"1082","269","166"
"392","422","496"
"1302","15","245"
"1345","316","438"
"1438","399","284"
"1464","35","29"
"283","267","349"
"318","76","243"
"750","427","499"
"815","364","259"
"604","408","301"
"1110","415","453"
"392","233","458"
"286","52","178"
"784","475","219"
"141","173","280"
"252","211","379"
"750","343","38"
"1032","206","474"
"1020","58","439"
"414","386","302"
"1499","293","302"
"1135","48","81"
"1649","101","157"
"634","492","134"
"141","65","180"
"1496","442","20"
"1505","113","239"
"1791","225","240"
"1172","447","129"
"143","17","341"
"1974","229","479"
"923","308","464"
"1527","479","365"
"604","240","482"
"1115","223","154"
"1032","298","141"
"784","330","46"
"1032","410","468"
"1020","325","306"
"252","363","497"
"1878","213","117"
"1634","286","433"
"1547","148","345"
"189","128","427"
"1782","486","303"
"1723","158","376"
"312","422","102"
"821","384","402"
"1499","462","219"
"731","413","243"
"1020","220","243"
"211","170","344"
"433","463","477"
"1547","345","449"
"1613","416","367"
"500","100","189"
"838","70","116"
"1547","279","444"
"1261","323","168"
"1547","56","361"
"1691","288","314"
"680","153","375"
"815","121","85"
"877","428","246"
"750","397","15"
"1691","58","426"
"52","23","449"
"1411","95","266"
"1077","208","333"
"761","87","379"
"1135","12","315"
"1974","60","453"
"162","239","403"
"1981","223","287"
"1020","253","475"
"761","477","406"
"838","471","124"
"1496","198","44"
"1791","473","22"
"1077","193","493"
"1002","5","12"
"377","436","272"
"211","466","115"
"211","323","430"
"1438","114","415"
"1791","188","447"
"1032","132","101"
"1438","258","417"
"414","445","155"
"1613","81","74"
"646","15","161"
"286","410","290"
"839","271","14"
"634","385","21"
"491","362","305"
"750","276","86"
"370","442","483"
"1115","164","453"
"854","361","192"
"1489","263","380"
"646","96","350"
"1172","192","379"
"1649","110","75"
"690","121","467"
"440","250","242"
"854","113","451"
"1505","357","427"
"1032","272","309"
"143","127","169"
"556","364","14"
"838","242","34"
"52","203","344"
"1032","440","66"
"141","100","127"
"885","207","333"
"318","134","365"
"1791","471","457"
"885","146","165"
"1236","446","462"
"1082","370","461"
"491","413","145"
"877","429","473"
"1082","340","104"
"838","393","167"
"286","375","302"
"1115","172","97"
"1884","340","346"
"1723","342","238"
"1236","213","362"
"414","65","95"
"312","1","354"
"440","459","444"
"784","202","393"
"1200","348","226"
"1077","139","345"
"750","412","295"
"1115","149","300"
"414","187","485"
"1002","367","214"
"680","188","437"
"1302","272","284"
"1505","218","260"
"1248","71","392"
"1607","106","104"
"312","55","124"
"1077","391","248"
"839","390","60"
"646","214","125"
"1974","488","165"
"1527","165","446"
"1981","120","460"
"433","485","38"
"634","166","222"
"1878","494","147"
"1077","266","415"
"1388","209","213"
"1004","238","437"
"1020","68","143"
"1016","79","357"
"52","307","180"
"839","343","197"
"1974","271","147"
"1974","173","446"
"1964","206","221"
"1438","57","302"
"1345","236","423"
"283","140","433"
"731","166","90"
"1874","70","111"
"1527","381","233"
"1438","84","228"
"318","287","449"
"815","450","149"
"1082","87","342"
"440","351","186"
"1974","433","272"
"634","90","92"
"1499","329","82"
"1032","375","236"
"885","7","260"
"1989","288","11"
"491","230","188"
"556","476","394"
"1496","496","297"
"1261","459","127"
"1083","209","449"
"1613","181","466"
"1724","242","327"
"433","130","335"
"923","429","435"
"1723","315","238"
"283","123","449"
"1248","63","268"
"1527","199","212"
"1083","137","416"
"1110","53","18"
"1634","371","349"
"392","228","59"
"1634","230","265"
"1318","428","384"
"370","344","350"
"1077","474","195"
"1505","329","203"
"1527","25","239"
"746","415","227"
"1883","92","447"
"854","16","389"
"578","300","425"
"414","304","471"
"690","353","15"
"1723","89","369"
"1489","201","10"
"1588","205","177"
"604","8","360"
"377","100","158"
"1135","174","117"
"211","460","227"
"1649","334","265"
"1110","481","404"
"433","80","381"
"1302","7","440"
"1388","288","497"
"1248","315","401"
"252","497","220"
"821","65","434"
"1345","340","283"
"1724","311","199"
"1200","374","282"
"1878","196","349"
"141","320","23"
"1989","278","466"
"880","385","345"
"815","334","429"
"1016","498","218"
"1489","252","259"
"1505","216","329"
"318","310","493"
"1302","340","449"
"1489","91","178"
"1878","304","70"
"1791","338","43"
"784","359","131"
"211","379","421"
"877","196","357"
"1607","369","411"
"1499","481","394"
"731","308","335"
"923","400","170"
"1499","69","139"
"1634","7","323"
"690","70","163"
"141","92","490"
"162","119","306"
"1020","275","142"
"1016","224","242"
"746","288","295"
"587","447","404"
"947","149","325"
"880","22","145"
"1607","126","262"
"1974","270","75"
"690","169","21"
"1200","363","478"
"987","254","475"
"1878","391","176"
"500","327","138"
"1002","136","385"
"880","232","33"
"731","179","14"
"1874","103","455"
"433","182","317"
"358","58","76"
"556","340","49"
"252","234","226"
"761","428","180"
"839","497","480"
"1964","148","117"
"578","104","181"
"1607","140","352"
"1082","146","294"
"1649","263","218"
"1172","86","414"
"1464","217","277"
"1878","414","194"
"1613","202","77"
"318","81","316"
"1388","407","403"
"286","359","409"
"815","206","78"
"987","234","442"
"880","317","249"
"1489","484","294"
"143","41","154"
"1649","350","284"
"377","302","426"
"1723","264","44"
"252","208","335"
"1724","124","355"
"162","477","75"
"1373","204","443"
"1032","55","296"
"1505","384","239"
"252","168","210"
"1016","438","249"
"1989","5","262"
"645","402","14"
"1598","378","329"
"1883","328","227"
"731","210","208"
"947","369","415"
"877","442","25"
"761","4","300"
"1032","379","363"
"1505","9","488"
"1002","207","172"
"1345","1","199"
"1649","214","107"
"377","282","318"
"680","169","174"
"1002","325","475"
"1411","183","460"
"923","389","148"
"1302","183","216"
"947","265","29"
"143","143","124"
"634","124","336"
"1964","196","110"
"1691","77","88"
"1527","301","374"
"784","207","213"
"1248","105","363"
"143","397","17"
"556","246","15"
"680","471","131"
"1345","237","175"
"731","3","194"
"1613","321","170"
"885","283","311"
"947","184","265"
"1981","454","86"
"1723","323","406"
"892","321","67"
"414","296","219"
"1082","496","440"
"1974","364","302"
"440","62","24"
"1723","222","218"
"578","82","377"
"1464","132","123"
"690","192","364"
"587","113","348"
"1004","453","336"
"1475","18","390"
"1002","263","186"
"1981","9","177"
"500","314","319"
"358","25","25"
"1004","128","295"
"1613","133","317"
"1016","95","350"
"1489","124","279"
"750","268","279"
"1791","295","212"
"370","432","76"
"1236","50","235"
"618","90","189"
"731","143","285"
"1135","193","470"
"414","391","249"
"1248","81","310"
"440","440","92"
"919","11","255"
"1496","172","170"
"1318","113","285"
"1588","374","59"
"1032","495","361"
"491","260","291"
"761","359","195"
"761","343","288"
"377","250","126"
"885","286","455"
"556","495","88"
"1002","61","426"
"815","314","235"
"1878","318","498"
"358","486","444"
"1345","480","478"
"370","202","162"
"1964","91","13"
"1464","351","195"
"556","86","309"
"1236","342","350"
"618","135","456"
"645","492","343"
"1248","240","349"
"328","89","373"
"1649","77","149"
"923","209","65"
"286","72","420"
"784","61","451"
"1004","289","263"
"839","323","235"
"556","93","46"
"1302","319","131"
"1974","237","363"
"1388","393","101"
"839","363","205"
"761","259","237"
"746","473","321"
"1836","318","261"
"1082","179","181"
"646","393","228"
"838","76","381"
"761","187","473"
"312","297","160"
"358","194","387"
"1874","99","85"
"746","253","73"
"312","354","350"
"414","326","150"
"1836","41","12"
"414","293","279"
"923","90","447"
"1649","87","299"
"318","40","346"
"286","348","452"
"252","140","435"
"604","370","247"
"645","326","239"
"440","227","427"
"491","137","351"
"491","168","366"
"1172","46","74"
"1004","339","295"
"283","476","132"
"1373","106","404"
"328","414","206"
"358","183","330"
"286","182","329"
"618","354","332"
"1411","259","177"
"1649","461","338"
"1002","313","228"
"784","107","13"
"500","343","128"
"491","418","244"
"556","337","330"
"1110","392","204"
"1261","141","333"
"1874","219","238"
"1974","382","378"
"1475","190","349"
"1878","209","303"
"1723","224","468"
"1489","429","310"
"1135","95","307"
"328","253","471"
"286","12","192"
"987","119","273"
"838","52","289"
"370","137","184"
"1547","376","100"
"1691","190","303"
"377","426","120"
"1110","471","211"
"1974","426","309"
"556","410","222"
"1527","71","229"
"854","482","306"
"690","24","376"
"1607","251","299"
"1032","145","352"
"1302","213","463"
"1388","12","76"
"1373","393","116"
"1607","60","329"
"1082","175","369"
"162","69","487"
"1002","456","287"
"1373","84","374"
"500","374","388"
"1236","55","34"
"1981","126","402"
"815","258","451"
"491","337","109"
"587","87","301"
"634","196","237"
"1836","209","334"
"370","474","125"
"1082","78","481"
"1115","165","242"
"312","97","68"
"815","116","156"
"500","297","267"
"1884","300","309"
"1236","435","493"
"1345","354","43"
"1499","155","29"
"750","398","452"
"1438","65","67"
"1527","415","328"
"1082","64","267"
"1200","443","43"
"370","397","15"
"646","94","80"
"1634","251","435"
"1496","8","388"
"1634","468","254"
"143","158","32"
"162","33","457"
"1547","34","169"
"1791","311","320"
"1082","154","361"
"328","129","63"
"52","62","94"
"1836","95","387"
"618","33","220"
"690","242","180"
"618","69","371"
"1236","487","181"
"189","450","340"
"1261","195","343"
"1411","444","473"
"1874","433","462"
"750","354","389"
"839","420","256"
"286","454","339"
"919","125","249"
"318","359","470"
"252","479","55"
"1496","47","205"
"731","384","462"
"761","258","306"
"358","257","318"
"854","497","194"
"1172","397","157"
"1032","490","378"
"1083","13","198"
"286","280","229"
"1020","150","262"
"987","124","436"
"1135","98","174"
"377","24","469"
"433","361","51"
"1248","460","417"
"1115","271","102"
"578","348","270"
"1989","22","262"
"987","117","192"
"1373","494","331"
"1077","38","461"
"1248","210","149"
"821","434","473"
"1172","235","405"
"1020","181","115"
"877","93","54"
"440","401","426"
"1496","465","307"
"746","438","14"
"1613","380","174"
"1874","29","31"
"1345","399","473"
"1200","187","373"
"1475","422","217"
"1989","486","266"
"885","33","153"
"1411","210","438"
"143","94","180"
"1004","247","480"
"1083","434","467"
"1248","328","461"
"1836","27","107"
"680","457","286"
"286","321","414"
"1884","19","266"
"1373","302","59"
"491","426","291"
"761","48","56"
"587","412","182"
"318","249","360"
"1499","479","332"
"784","194","237"
"1200","4","164"
"1496","182","228"
"1613","80","51"
"1032","308","417"
"680","236","294"
"433","366","19"
"1527","101","133"
"328","154","80"
"1527","3","311"
"318","242","478"
"731","219","486"
"556","216","278"
"1649","297","456"
"885","65","51"
"1836","85","465"
"1302","33","153"
"433","77","411"
"377","65","281"
"358","375","91"
"358","29","118"
"1373","444","100"
"1032","288","409"
"286","31","211"
"1438","386","182"
"1499","342","418"
"1004","227","440"
"1261","231","124"
"392","268","19"
"1964","32","354"
"892","431","308"
"1505","203","142"
"1475","21","174"
"731","397","61"
"1724","444","234"
"1020","357","202"
"1077","461","48"
"1791","27","321"
"604","416","170"
"162","359","361"
"318","21","303"
"839","23","434"
"1981","231","471"
"1878","358","245"
"1649","51","151"
"52","458","342"
"1135","328","215"
"1883","217","470"
"414","87","462"
"1724","302","255"
"358","291","167"
"1016","46","196"
"838","490","161"
"1302","39","350"
"1496","139","261"
"286","404","133"
"1964","362","372"
"1883","495","380"
"143","471","240"
"1782","48","278"
"618","86","175"
"1373","102","145"
"358","266","358"
"1691","68","243"
"189","48","412"
"821","83","479"
"761","198","275"
"746","36","435"
"1248","434","78"
"1115","109","79"
"318","294","372"
"1318","318","411"
"1032","97","213"
"680","68","111"
"211","250","234"
"987","280","273"
"1083","67","416"
"1345","140","118"
"1547","175","249"
"189","388","498"
"1110","234","86"
"604","429","229"
"1004","415","219"
"141","93","142"
"1691","123","39"
"1110","367","250"
"578","103","89"
"892","172","36"
"556","446","292"
"1200","120","288"
"1318","207","343"
"1874","461","199"
"1248","304","97"
"500","153","150"
"1883","419","216"
"1634","252","53"
"1004","39","295"
"392","205","330"
"211","199","191"
"143","440","194"
"1110","390","193"
"1261","443","400"
"1002","491","316"
"52","416","453"
"328","333","418"
"750","275","327"
"645","447","461"
"880","323","206"
"1438","443","348"
"1836","353","121"
"1598","284","435"
"877","312","263"
"141","151","110"
"1588","434","397"
"1032","431","403"
"1649","61","85"
"1345","372","93"
"987","116","187"
"1505","228","265"
"1499","336","260"
"1388","153","480"
"880","165","162"
"1724","185","489"
"1791","450","416"
"1318","454","164"
"283","97","403"
"1302","86","181"
"885","35","415"
"1077","409","382"
"1236","364","265"
"1388","227","372"
"1691","5","350"
"1388","256","348"
"821","148","262"
"919","366","256"
"1004","458","196"
"578","255","379"
"1077","207","361"
"1588","185","260"
"1475","36","374"
"1691","296","318"
"1884","498","344"
"1974","38","482"
"1318","405","486"
"587","34","86"
"283","54","432"
"1527","223","40"
"1248","237","241"
"1248","384","19"
"1782","219","57"
"885","89","294"
"1135","240","143"
"877","348","138"
"784","172","171"
"1115","107","78"
"1115","9","466"
"211","276","107"
"1691","279","226"
"680","407","129"
"377","178","110"
"52","108","240"
"414","127","96"
"1883","459","321"
"839","61","402"
"414","11","296"
"328","29","106"
"1464","375","134"
"1302","442","153"
"1004","314","176"
"1613","57","14"
"1527","288","76"
"1172","301","383"
"286","195","390"
"1475","314","486"
"690","299","485"
"1836","224","472"
"1248","182","162"
"1634","14","36"
"312","139","418"
"141","277","140"
"377","253","147"
"143","126","403"
"500","269","458"
"680","182","36"
"189","70","245"
"1836","60","226"
"1588","316","41"
"854","97","425"
"1002","381","206"
"1496","248","491"
"491","331","179"
"318","199","59"
"1083","337","119"
"1464","400","307"
"1083","460","151"
"1083","362","353"
"318","233","473"
"1598","259","143"
"750","85","423"
"1782","251","48"
"1527","205","452"
"211","434","123"
"1135","348","73"
"143","32","396"
"761","241","463"
"414","132","384"
"1634","498","467"
"1723","20","421"
"1499","14","477"
"1318","149","305"
"731","303","219"
"1248","160","445"
"189","72","480"
"1874","80","294"
"578","266","498"
"680","435","101"
"1884","77","420"
"392","429","249"
"618","67","364"
"1883","263","115"
"1248","368","369"
"52","262","377"
"433","441","113"
"784","85","296"
"587","255","142"
"1004","322","209"
"141","51","284"
"923","77","432"
"731","108","415"
"892","484","437"
"1883","445","437"
"1782","232","333"
"987","469","394"
"1464","19","347"
"1318","469","237"
"189","264","72"
"1547","238","290"
"1499","197","155"
"318","87","206"
"1110","321","491"
"618","413","95"
"1318","231","103"
"392","264","201"
"1989","335","219"
"1302","155","468"
"821","456","323"
"1981","270","471"
"1110","459","473"
"854","103","198"
"377","334","123"
"877","83","244"
"1172","125","224"
"761","221","474"
"1020","190","263"
"646","121","45"
"646","171","59"
"141","231","240"
"1261","271","188"
"414","435","78"
"1020","76","159"
"252","163","88"
"1489","73","302"
"283","455","252"
"987","269","488"
"1261","83","95"
"377","298","57"
"1345","467","377"
"1016","457","196"
"1499","86","189"
"1236","270","104"
"1016","19","365"
"1077","286","475"
"370","34","61"
"1981","292","273"
"1464","176","107"
"784","15","202"
"491","25","85"
"821","406","372"
"312","442","121"
"1691","38","178"
"283","41","80"
"1464","442","384"
"1496","352","454"
"1115","496","375"
"634","272","219"
"1874","455","100"
"141","402","379"
"1499","150","188"
"1505","61","60"
"1172","387","425"
"1588","384","342"
"1020","460","248"
"433","273","321"
"1884","93","104"
"1261","480","409"
"645","499","322"
"1588","248","299"
"1981","59","69"
"1791","444","362"
"1724","162","386"
"1200","180","245"
"634","480","179"
"500","363","411"
"1981","493","295"
"1236","3","60"
"947","229","495"
"618","29","94"
"578","142","106"
"328","136","314"
"141","490","434"
"634","287","107"
"433","135","492"
"392","419","27"
"604","296","154"
"1505","130","323"
"1135","222","73"
"1002","333","230"
"1345","267","486"
"587","248","316"
"1083","318","408"
"211","294","104"
"885","293","71"
"440","202","404"
"370","238","258"
"283","168","20"
"283","208","150"
"1874","197","303"
"947","95","308"
"880","95","449"
"1878","28","345"
"880","144","422"
"500","99","389"
"1791","21","483"
"1373","89","448"
"578","77","294"
"141","235","43"
"923","8","422"
"1115","270","260"
"1411","58","368"
"690","106","94"
"1388","349","382"
"141","436","323"
"283","39","416"
"1002","331","313"
"578","62","455"
"880","273","109"
"1004","321","446"
"1004","366","243"
"1883","423","46"
"414","448","329"
"440","102","261"
"318","303","376"
"414","38","470"
"318","82","475"
"1989","124","240"
"987","121","184"
"1598","6","277"
"370","444","198"
"1318","365","238"
"885","138","332"
"491","491","207"
"211","180","142"
"1499","245","360"
"892","132","381"
"578","85","168"
"1527","468","407"
"500","128","492"
"1974","483","13"
"1634","219","262"
"761","58","141"
"987","462","35"
"604","58","293"
"880","289","80"
"1083","164","338"
"1588","256","351"
"1547","334","359"
"1261","301","258"
"1724","104","304"
"162","352","162"
"1083","72","295"
"491","352","246"
"189","404","492"
"414","18","437"
"947","456","61"
"1588","459","500"
"162","80","449"
"252","335","476"
"919","449","366"
"252","202","330"
"162","256","238"
"587","122","495"
"1782","217","10"
"414","73","365"
"1496","364","244"
"578","115","295"
"1489","212","372"
"578","12","358"
"923","287","124"
"892","225","13"
"761","51","222"
"433","109","266"
"1884","281","353"
"634","293","146"
"645","391","112"
"211","396","283"
"312","304","382"
"892","81","303"
"604","119","305"
"1649","485","36"
"1077","359","161"
"1883","195","169"
"877","450","161"
"328","446","46"
"815","267","171"
"1634","6","348"
"1981","470","257"
"500","90","246"
"1791","220","107"
"1782","283","341"
"578","272","440"
"1981","230","406"
"892","243","199"
"1388","302","141"
"1016","283","434"
"838","301","418"
"1236","474","103"
"680","141","393"
"392","158","38"
"1016","423","366"
"1496","153","34"
"500","213","246"
"358","232","149"
"556","201","310"
"1020","212","127"
"1115","356","152"
"1077","338","244"
"392","85","350"
"1464","189","337"
"1475","386","263"
"370","268","66"
"1981","251","481"
"821","407","426"
"440","282","473"
"578","443","100"
"1613","385","211"
"556","329","301"
"1489","472","263"
"923","337","323"
"1002","467","217"
"440","61","327"
"578","406","82"
"1782","342","146"
"392","98","324"
"892","449","34"
"1964","393","199"
"578","243","78"
"1499","455","221"
"52","246","205"
"587","89","411"
"1411","59","105"
"358","19","461"
"286","0","265"
"1200","70","254"
"919","24","193"
"892","246","196"
"815","34","93"
"286","102","96"
"1499","66","381"
"1489","290","470"
"1236","93","409"
"618","196","320"
"1598","14","373"
"578","127","312"
"1878","25","141"
"923","194","257"
"1791","414","308"
"838","176","33"
"1883","364","431"
"1004","217","267"
"1547","484","208"
"1634","59","325"
"189","63","465"
"1884","412","29"
"162","261","61"
"1475","67","464"
"1489","476","488"
"283","82","154"
"839","276","245"
"556","254","351"
"1248","103","434"
"312","245","101"
"440","262","136"
"1884","407","34"
"645","426","30"
"854","387","23"
"1489","33","185"
"947","202","401"
"1004","2","168"
"1083","391","164"
"1836","485","475"
"211","409","134"
"1598","439","182"
"252","264","290"
"283","427","448"
"1032","239","367"
"1496","342","17"
"646","388","334"
"141","287","406"
"1791","100","432"
"252","21","267"
"556","160","485"
"392","23","47"
"1135","281","485"
"1004","32","395"
"815","158","154"
"1884","493","340"
"680","273","214"
"433","10","96"
"491","282","385"
"1345","436","195"
"892","474","234"
"1200","339","156"
"1588","368","130"
"1649","92","12"
"1172","483","145"
"1974","440","227"
"1172","297","144"
"252","370","326"
"690","164","450"
"690","390","384"
"746","484","159"
"1016","383","476"
"839","411","61"
"680","90","416"
"1261","299","425"
"318","75","49"
"1082","20","139"
"1236","286","369"
"414","195","281"
"578","360","311"
"877","337","405"
"1016","204","441"
"1634","151","434"
"433","262","116"
"1318","427","228"
"645","433","454"
"1464","414","464"
"838","354","337"
"1082","387","209"
"1634","185","338"
"556","371","102"
"1200","457","468"
"1115","465","128"
"680","405","32"
"1077","340","314"
"1489","367","350"
"392","354","174"
"1874","389","153"
"1613","25","262"
"500","438","350"
"328","153","148"
"1248","326","71"
"252","319","464"
"634","387","131"
"1261","402","184"
"1598","54","449"
"1236","431","156"
"414","26","302"
"1020","66","266"
"1373","466","65"
"885","129","364"
"1345","158","45"
"947","84","70"
"414","467","484"
"1981","123","349"
"1020","56","10"
"578","313","71"
"1002","400","358"
"1373","119","410"
"328","409","448"
"1527","478","315"
"761","453","28"
"1691","449","254"
"1002","71","437"
"1236","156","447"
"500","72","414"
"392","313","276"
"1172","444","216"
"312","439","381"
"1649","475","442"
"838","278","295"
"1588","290","296"
"815","323","176"
"377","479","111"
"1791","192","485"
"987","10","244"
"877","32","169"
"1318","83","414"
"556","182","107"
"377","87","231"
"1302","73","398"
"731","60","23"
"1836","188","266"
"646","149","244"
"1002","231","471"
"1261","341","64"
"1791","212","56"
"821","20","367"
"892","60","461"
"1004","226","75"
"1634","67","99"
"1020","266","442"
"1588","172","269"
"377","34","406"
"358","71","192"
"1598","337","303"
"690","91","231"
"1989","0","496"
"377","118","137"
"1724","310","207"
"1613","420","357"
"1135","332","294"
"1115","334","470"
"1411","432","393"
"1082","466","165"
"731","331","311"
"377","364","356"
"761","56","218"
"414","156","411"
"556","290","409"
"1475","56","360"
"1634","68","408"
"1261","204","286"
"162","101","116"
"731","122","243"
"1607","462","187"
"1527","459","283"
"377","210","121"
"646","444","386"
"1496","343","225"
"680","119","417"
"1964","185","260"
"500","152","119"
"680","156","470"
"1082","373","142"
"1261","175","117"
"1974","107","160"
"838","153","200"
"877","151","234"
"1723","461","166"
"1634","177","494"
"328","220","408"
"618","109","167"
"587","10","269"
"1964","7","273"
"1438","5","68"
"1607","195","80"
"1649","478","403"
"1964","298","163"
"1649","76","201"
"1475","454","181"
"880","263","436"
"1878","369","327"
"1588","356","314"
"1083","413","314"
"880","67","441"
"880","488","268"
"634","384","320"
"1438","10","422"
"877","246","286"
"1032","101","278"
"1981","54","97"
"646","217","209"
"919","96","477"
"1505","484","451"
"1974","70","25"
"815","441","26"
"784","479","75"
"162","216","128"
"634","105","287"
"1691","15","100"
"440","40","422"
"618","195","157"
"1499","113","219"
"1077","380","54"
"1077","170","406"
"761","27","399"
"162","185","15"
"1200","167","187"
"1475","181","387"
"646","253","385"
"604","486","74"
"1878","89","196"
"1974","432","284"
"1261","8","309"
"1782","148","129"
"784","272","179"
"1016","340","444"
"1110","283","380"
"885","254","206"
"919","217","303"
"370","254","259"
"1634","162","325"
"634","306","256"
"1020","171","131"
"885","232","131"
"141","360","476"
"1723","375","419"
"286","318","391"
"1110","448","410"
"1588","412","224"
"189","14","409"
"892","72","481"
"162","32","431"
"1547","53","252"
"1388","398","286"
"578","33","167"
"1411","31","361"
"1598","131","343"
"892","319","238"
"189","10","26"
"885","63","459"
"1499","464","336"
"578","58","482"
"1598","176","422"
"839","176","146"
"1724","198","266"
"1836","170","435"
"1691","67","322"
"414","498","68"
"1723","127","33"
"1411","277","269"
"784","108","275"
"162","210","487"
"1135","225","131"
"358","357","129"
"1649","218","459"
"1236","406","230"
"1077","84","56"
"189","129","239"
"433","176","350"
"1004","73","390"
"556","286","82"
"52","379","408"
"1723","341","150"
"680","39","451"
"1874","198","375"
"1964","228","199"
"1082","298","50"
"784","472","40"
"440","343","125"
"1598","483","345"
"1634","469","375"
"646","358","160"
"1981","218","459"
"556","319","32"
"1723","133","314"
"211","318","415"
"283","163","122"
"1318","202","378"
"892","303","244"
"1464","354","210"
"839","474","496"
"1373","324","26"
"1878","249","286"
"1588","179","28"
"1598","369","107"
"1115","454","475"
"1373","216","110"
"377","56","276"
"1373","298","63"
"885","436","40"
"556","250","399"
"318","54","129"
"358","52","124"
"1989","148","85"
"1004","459","264"
"440","378","254"
"440","370","11"
"1248","167","258"
"1002","115","264"
"923","208","194"
"1004","345","208"
"1791","74","296"
"1002","145","123"
"1649","465","444"
"1607","142","171"
"1505","472","221"
"414","337","316"
"1836","32","39"
"761","270","89"
"1598","352","412"
"1598","188","424"
"854","353","116"
"1724","117","203"
"618","245","51"
"211","86","216"
"52","55","412"
"1499","443","53"
"1634","343","130"
"1172","407","177"
"143","236","426"
"1172","418","268"
"143","331","122"
"162","421","133"
"1200","89","463"
"746","30","220"
"923","259","302"
"1883","284","459"
"838","372","499"
"556","249","414"
"1989","329","297"
"1261","176","104"
"1318","208","28"
"645","454","12"
"189","89","499"
"1607","488","223"
"1691","108","253"
"634","407","254"
"987","282","490"
"885","221","382"
"746","230","160"
"440","256","127"
"1723","60","86"
"1505","363","253"
"1236","40","377"
"923","474","175"
"1082","83","424"
"491","102","405"
"318","462","437"
"1373","55","63"
"1236","403","387"
"645","43","455"
"1505","46","378"
"500","46","219"
"1489","348","35"
"1302","170","315"
"1002","438","237"
"1200","278","314"
"1691","294","488"
"500","497","12"
"1115","419","324"
"923","108","254"
"947","498","450"
"645","149","433"
"1077","390","320"
"587","320","427"
"1634","263","316"
"1020","269","447"
"1981","77","412"
"1464","125","119"
"1613","403","314"
"646","52","35"
"370","372","262"
"414","224","120"
"1302","99","333"
"680","375","214"
"854","455","310"
"1489","482","373"
"358","76","408"
"1261","372","226"
"318","419","476"
"892","283","29"
"1878","442","210"
"1002","391","269"
"1634","169","196"
"645","29","363"
"1110","256","164"
"1110","391","213"
"646","102","107"
"1002","90","294"
"1496","149","251"
"919","381","498"
"646","87","303"
"162","12","239"
"1318","261","370"
"1261","42","430"
"1499","102","357"
"1411","79","189"
"1649","328","110"
"885","422","344"
"1236","222","273"
"815","97","387"
"1527","289","24"
"433","347","66"
"1723","394","419"
"1974","273","410"
"1135","106","361"
"1836","119","459"
"1261","155","427"
"1345","329","190"
"440","122","190"
"440","211","448"
"578","138","42"
"556","126","105"
"680","117","26"
"1883","84","36"
"370","491","474"
"1791","158","328"
"1110","75","174"
"987","207","133"
"1135","421","187"
"1004","400","98"
"286","69","110"
"1505","268","197"
"370","200","305"
"1020","415","488"
"1527","307","278"
"1388","45","219"
"1135","62","57"
"312","476","65"
"328","494","39"
"646","208","480"
"1248","440","187"
"1588","466","244"
"556","195","109"
"358","419","35"
"578","23","59"
"892","117","500"
"358","244","391"
"1489","135","433"
"690","389","38"
"1505","70","217"
"1411","372","476"
"414","232","142"
"877","291","456"
"880","354","353"
"923","383","38"
"433","318","263"
"440","305","492"
"392","411","180"
"1791","385","500"
"1981","170","94"
"143","23","362"
"1649","405","102"
"1302","492","288"
"880","227","498"
"646","488","279"
"52","139","180"
"1782","224","54"
"892","389","428"
"587","409","471"
"784","234","309"
"1724","32","144"
"690","165","351"
"1077","372","54"
"1388","401","416"
"1248","399","342"
"286","462","46"
"1083","286","216"
"1032","85","456"
"731","360","474"
"491","265","131"
"1200","88","190"
"947","418","252"
"1499","227","459"
"838","482","166"
"1613","123","71"
"1964","295","164"
"392","101","240"
"690","425","32"
"1634","462","14"
"433","302","259"
"1782","84","161"
"1489","255","40"
"1464","348","51"
"143","337","301"
"433","190","427"
"143","336","434"
"318","439","450"
"1302","245","429"
"440","337","137"
"1964","348","210"
"750","201","361"
"328","420","46"
"854","337","439"
"1345","200","443"
"1634","42","431"
"1989","244","450"
"1083","275","350"
"556","270","487"
"1981","20","239"
"1236","36","148"
"1302","269","241"
"414","440","118"
"838","279","421"
"750","158","340"
"143","80","361"
"645","54","220"
"947","415","241"
"1083","498","59"
"1613","388","423"
"377","226","431"
"1634","305","309"
"1082","155","101"
"1464","339","460"
"433","447","295"
"1649","421","228"
"1032","135","323"
"731","48","356"
"1607","157","50"
"1974","241","51"
"1724","275","54"
"491","212","189"
"1878","309","224"
"1200","220","362"
"1115","254","460"
"189","309","340"
"1724","33","335"
"746","108","186"
"358","196","255"
"1691","9","139"
"885","249","495"
"1527","180","103"
"328","10","254"
"604","212","197"
"358","23","156"
"838","273","367"
"634","218","472"
"1547","394","294"
"1388","114","289"
"1115","311","209"
"854","151","379"
"1598","495","331"
"1878","227","45"
"1172","99","111"
"784","67","298"
"358","403","376"
"1499","112","149"
"680","116","110"
"919","54","460"
"189","146","365"
"750","137","308"
"604","14","499"
"1724","235","341"
"1884","154","487"
"680","274","359"
"1032","12","59"
"947","255","333"
"947","482","394"
"143","396","201"
"1345","460","337"
"746","430","217"
"1723","401","169"
"328","31","66"
"1874","165","292"
"880","420","475"
"1172","64","474"
"1345","118","122"
"1032","280","228"
"1302","125","109"
"919","110","89"
"646","35","94"
"392","262","480"
"414","409","387"
"680","101","453"
"815","486","369"
"1981","402","360"
"947","17","174"
"286","17","402"
"680","18","270"
"1634","188","144"
"634","411","240"
"1649","384","397"
"1077","59","388"
"1883","11","15"
"1318","229","174"
"1411","386","462"
"491","258","421"
"1388","435","409"
"1302","280","212"
"1723","379","20"
"1723","192","243"
"1261","363","307"
"1016","179","47"
"491","287","24"
"1505","243","225"
"923","80","138"
"919","245","491"
"1883","361","178"
"370","433","122"
"141","410","233"
"746","74","141"
"162","345","416"
"761","78","30"
"815","176","52"
"634","233","213"
"947","362","387"
"838","12","59"
"1261","305","298"
"1499","62","104"
"587","235","133"
"1496","443","149"
"1723","95","426"
"143","328","65"
"1883","165","275"
"1345","228","220"
"1135","396","209"
"1032","187","118"
"1634","256","261"
"761","234","404"
"1388","119","230"
"433","377","126"
"1115","214","64"
"1373","77","246"
"1499","273","485"
"587","367","210"
"556","398","438"
"1782","210","245"
"1598","247","50"
"618","475","93"
"414","226","239"
"1261","122","191"
"1981","72","436"
"318","70","110"
"252","68","365"
"318","239","384"
"947","103","287"
"1004","8","190"
"1110","272","91"
"500","171","323"
"680","479","32"
"433","242","290"
"1020","222","17"
"1607","8","457"
"1032","117","377"
"923","62","331"
"746","38","181"
"604","200","318"
"1883","309","78"
"761","460","437"
"604","164","38"
"1388","191","268"
"680","290","216"
"286","13","53"
"491","40","320"
"1411","409","458"
"1115","328","288"
"1634","334","16"
"604","277","107"
"211","41","99"
"1964","52","53"
"1489","116","329"
"1836","121","258"
"370","309","313"
"750","388","381"
"1884","190","337"
"1438","427","60"
"1547","139","169"
"1723","72","291"
"318","438","89"
"1236","193","154"
"1302","150","207"
"1464","167","273"
"1032","146","465"
"645","7","77"
"731","323","454"
"821","430","241"
"1724","424","401"
"286","479","389"
"211","293","35"
"414","444","219"
"1989","408","337"
"877","38","129"
"189","103","129"
"358","263","413"
"52","405","63"
"731","359","413"
"252","415","364"
"1083","129","31"
"1302","108","490"
"1649","491","107"
"1883","319","456"
"680","395","80"
"1002","476","31"
"1411","462","110"
"1115","398","294"
"880","412","62"
"587","3","227"
"1836","266","59"
"885","317","467"
"1083","258","498"
"1438","123","321"
"680","34","265"
"1135","364","451"
"500","479","320"
"645","270","353"
"877","239","449"
"1115","85","377"
"283","181","392"
"923","296","368"
"1505","300","479"
"1236","214","473"
"618","174","24"
"987","127","71"
"1649","216","18"
"587","149","65"
"1172","408","360"
"1438","125","338"
"1464","402","143"
"1004","483","424"
"1496","199","285"
"746","101","234"
"1077","341","162"
"1691","131","62"
"1836","280","326"
"1782","438","389"
"52","151","327"
"556","119","385"
"1016","197","167"
"885","42","474"
"328","162","487"
"556","333","305"
"1110","297","447"
"1172","449","311"
"854","494","135"
"885","371","14"
"1082","376","208"
"1884","208","89"
"1318","86","241"
"556","163","473"
"1964","66","86"
"838","91","184"
"838","23","176"
"680","448","119"
"1016","402","365"
"1598","401","454"
"885","407","322"
"919","485","153"
"491","232","186"
"1002","350","69"
"370","164","45"
"645","182","201"
"318","142","394"
"680","305","234"
"919","238","377"
"1032","105","486"
"618","323","458"
"1883","286","402"
"1634","303","490"
"645","236","33"
"392","150","435"
"1464","413","500"
"578","473","363"
"328","278","439"
"1248","447","261"
"892","122","330"
"1691","316","24"
"815","27","90"
"1782","456","494"
"1527","136","305"
"1302","210","81"
"1634","272","37"
"500","284","282"
"1002","466","214"
"854","307","12"
"1981","299","33"
"1200","344","199"
"1588","200","55"
"433","486","294"
"211","151","224"
"1878","432","119"
"746","424","217"
"312","18","390"
"854","94","240"
"1110","24","211"
"162","114","127"
"143","33","434"
"784","56","491"
"1496","414","309"
"1248","298","68"
"919","42","407"
"854","149","345"
"1496","368","103"
"491","83","187"
"252","61","164"
"838","167","155"
"491","257","337"
"919","93","322"
"491","255","405"
"587","225","191"
"1004","223","89"
"634","158","32"
"1496","160","152"
"370","289","133"
"731","375","473"
"370","359","119"
"283","83","402"
"377","314","332"
"252","330","321"
"328","451","138"
"1411","494","298"
"556","266","22"
"312","452","194"
"1388","208","174"
"286","264","149"
"312","324","97"
"52","360","332"
"1110","20","449"
"162","219","198"
"784","66","52"
"634","264","42"
"1884","70","140"
"1874","320","424"
"1878","423","377"
"634","377","77"
"604","66","337"
"919","478","237"
"1475","198","417"
"1302","499","124"
"318","69","337"
"1791","211","199"
"877","385","117"
"1475","90","228"
"1002","27","329"
"370","413","173"
"1588","52","488"
"1345","345","257"
"1634","246","105"
"1475","154","21"
"1878","411","190"
"1083","140","197"
"1874","343","369"
"1411","206","256"
"821","250","127"
"1236","484","51"
"1016","115","78"
"1883","348","18"
"189","382","214"
"880","381","56"
"1236","238","205"
"1691","355","369"
"1077","224","325"
"587","380","112"
"1878","431","309"
"731","473","140"
"1318","383","369"
"370","392","465"
"1248","296","408"
"1032","170","402"
"987","55","28"
"143","103","98"
"433","451","372"
"1345","499","403"
"1499","399","367"
"1002","173","46"
"162","109","352"
"500","20","481"
"1782","160","422"
"1302","367","409"
"1082","144","222"
"283","338","440"
"491","110","405"
"1836","367","215"
"746","191","46"
"1723","110","371"
"143","491","451"
"141","37","112"
"500","312","490"
"1172","448","149"
"1964","495","32"
"877","60","300"
"1989","488","437"
"761","202","364"
"162","297","100"
"923","215","188"
"252","87","66"
"370","312","48"
"392","160","245"
"392","477","13"
"746","16","447"
"578","337","154"
"645","377","16"
"919","317","479"
"854","416","162"
"750","449","443"
"286","4","331"
"750","150","61"
"1345","361","446"
"1989","242","187"
"162","135","315"
"731","204","56"
"1883","283","331"
"1020","185","492"
"838","331","446"
"433","407","483"
"604","207","16"
"1489","35","91"
"1874","57","180"
"1884","80","106"
"761","28","286"
"1874","66","224"
"645","234","55"
"1989","235","387"
"1598","459","95"
"645","109","66"
"1172","302","445"
"947","371","369"
"1489","226","464"
"892","277","103"
"1016","75","73"
"885","259","40"
"1505","460","321"
"923","468","21"
"1115","86","95"
"392","189","292"
"1082","163","324"
"1004","460","421"
"1598","85","470"
"143","21","280"
"1411","128","389"
"141","214","107"
"1083","442","414"
"1302","285","228"
"370","423","491"
"1547","325","295"
"1547","317","466"
"1724","9","410"
"491","44","311"
"854","413","60"
"1135","336","355"
"923","92","245"
"1588","186","260"
"1878","241","50"
"1082","475","353"
"1496","460","470"
"189","163","12"
"491","152","270"
"1489","72","402"
"880","100","78"
"500","397","171"
"143","196","320"
"1489","495","162"
"604","224","99"
"1077","385","434"
"1598","305","103"
"1302","371","321"
"634","328","57"
"646","495","184"
"1874","334","126"
"1110","375","107"
"318","232","397"
"1981","46","80"
"1884","321","486"
"189","53","376"
"1613","35","400"
"283","209","312"
"358","264","19"
"1527","211","308"
"839","154","344"
"52","453","119"
"143","389","420"
"1200","248","258"
"892","310","240"
"1613","313","386"
"141","306","234"
"358","457","282"
"839","17","423"
"854","329","242"
"1547","298","366"
"1236","172","442"
"1547","470","37"
"1782","77","60"
"923","202","174"
"877","318","338"
"885","163","163"
"1318","169","91"
"1373","169","445"
"761","72","319"
"491","130","379"
"815","217","181"
"318","96","304"
"680","172","148"
"189","460","494"
"1172","351","175"
"143","218","216"
"189","142","388"
"1836","412","333"
"1836","129","360"
"1236","175","496"
"1172","325","331"
"1598","272","388"
"1373","57","113"
"491","69","224"
"1974","155","62"
"491","191","90"
"815","32","353"
"1318","67","405"
"578","346","441"
"1613","494","98"
"1499","360","367"
"645","143","448"
"987","304","173"
"892","152","224"
"141","130","156"
"1004","455","464"
"312","461","435"
"1083","41","330"
"1723","206","321"
"141","350","97"
"892","73","105"
"392","403","498"
"1547","182","213"
"1115","379","488"
"1836","96","109"
"377","389","56"
"318","228","348"
"414","98","266"
"1411","52","433"
"1634","307","24"
"1411","180","132"
"578","248","439"
"370","59","66"
"1345","452","51"
"162","7","221"
"987","427","59"
"1974","375","60"
"1345","321","473"
"1475","126","465"
"1878","492","481"
"1974","184","64"
"1302","206","183"
"1791","354","300"
"746","494","58"
"634","481","41"
"1345","189","54"
"1261","428","383"
"1016","131","61"
"1489","390","156"
"646","185","411"
"645","126","89"
"645","301","127"
"1032","396","234"
"252","305","447"
"587","325","178"
"328","43","12"
"1884","60","56"
"1248","213","380"
"1981","232","182"
"500","302","235"
"1077","464","170"
"1318","472","269"
"1547","329","358"
"312","30","180"
"1464","21","433"
"815","132","46"
"1782","39","139"
"1388","14","163"
"587","57","200"
"618","350","273"
"141","154","328"
"746","112","232"
"1883","488","106"
"414","311","450"
"587","164","398"
"312","367","346"
"578","110","387"
"1302","103","19"
"838","126","230"
"286","101","51"
"1318","189","388"
"1411","37","268"
"1082","284","141"
"1527","353","292"
"491","252","116"
"1200","365","422"
"1411","20","497"
"1345","2","310"
"1004","391","35"
"1302","237","365"
"1489","3","17"
"1002","447","460"
"556","27","386"
"1004","492","250"
"1082","432","429"
"854","450","160"
"1607","224","486"
"1172","164","447"
"189","454","84"
"1598","328","112"
"1489","148","339"
"731","456","336"
"318","354","204"
"414","0","162"
"1782","90","421"
"821","223","320"
"1724","374","458"
"1884","467","338"
"892","456","17"
"1082","130","247"
"1527","326","435"
"370","393","405"
"1236","409","297"
"1200","240","424"
"1115","323","67"
"491","424","417"
"746","292","201"
"919","32","479"
"211","376","131"
"1974","5","139"
"839","463","423"
"1318","290","123"
"141","232","493"
"919","58","441"
"880","314","274"
"1004","494","202"
"877","245","228"
"838","142","366"
"919","454","335"
"821","324","98"
"587","378","347"
"1388","490","165"
"1200","38","320"
"440","333","178"
"318","384","289"
"283","365","255"
"162","211","322"
"1791","60","307"
"328","497","21"
"189","213","147"
"1200","67","117"
"1607","481","32"
"1302","450","67"
"1613","122","36"
"500","379","226"
"1464","293","319"
"919","488","358"
"645","316","354"
"377","209","475"
"1723","194","253"
"821","371","465"
"1236","478","323"
"328","316","49"
"211","9","88"
"1236","489","496"
"414","50","323"
"1634","216","419"
"1989","393","497"
"690","240","365"
"731","42","410"
"189","465","326"
"750","436","399"
"556","279","414"
"1613","69","217"
"646","123","474"
"1172","457","71"
"1588","195","476"
"1964","489","101"
"1083","402","362"
"556","492","443"
"1388","311","343"
"919","194","321"
"211","491","37"
"1004","452","305"
"1547","341","225"
"604","291","143"
"1318","108","393"
"491","290","187"
"919","243","246"
"1345","67","203"
"892","380","273"
"1878","167","44"
"189","25","451"
"1499","29","383"
"578","457","318"
"1883","437","265"
"1613","493","113"
"646","58","390"
"358","343","98"
"1588","496","155"
"1464","170","394"
"1020","65","185"
"1110","469","480"
"1836","347","366"
"746","60","244"
"1598","214","362"
"1649","358","439"
"1836","428","456"
"646","33","174"
"162","229","313"
"1032","342","143"
"491","397","140"
"1884","7","415"
"854","40","25"
"1883","376","63"
"252","333","330"
"634","12","197"
"1884","54","285"
"877","73","223"
"377","108","20"
"761","24","441"
"885","486","258"
"312","165","97"
"358","432","294"
"1883","120","251"
"370","248","69"
"1032","167","95"
"1345","472","409"
"1318","136","215"
"1691","138","260"
"1989","414","174"
"646","306","411"
"1236","416","29"
"1345","79","475"
"1438","63","75"
"433","276","51"
"414","6","305"
"1791","199","33"
"1836","140","430"
"211","231","250"
"141","175","134"
"821","168","11"
"838","218","25"
"1172","416","461"
"919","249","292"
"1004","80","384"
"1782","182","363"
"1172","130","190"
"1388","197","285"
"1200","247","153"
"1634","28","371"
"328","207","383"
"587","245","201"
"1613","474","303"
"919","262","451"
"919","458","465"
"414","16","284"
